timestamp,month,hour,weight_days,load_kw,solar_capacity_factor,grid_available,stress_case,import_tariff_aed_per_kwh,export_tariff_aed_per_kwh,pv_generation_kw,grid_import_kw,grid_export_kw,battery_charge_kw,battery_discharge_kw,state_of_charge_kwh,biogas_generation_kw,unserved_kw,curtailed_kw,marginal_energy_value_aed_per_kwh
2026-01-15 00:00,1,0,31.0,202.68466392484132,0.0,1.0,0,0.44,0.05,0.0,0.0,0.0,0.0,20.2684663924841,383.42705429937786,182.41619753235722,0.0,0.0,2.8072222222222223
2026-01-15 01:00,1,1,31.0,191.10268312913612,0.0,1.0,0,0.44,0.05,0.0,0.0,0.0,0.0,8.686485596778908,374.2706945166884,182.41619753235722,0.0,0.0,2.8072222222222223
2026-01-15 02:00,1,2,31.0,185.3116927312835,0.0,1.0,0,0.44,0.05,0.0,0.0,0.0,0.0,2.895495198926284,371.2185745891253,182.41619753235722,0.0,0.0,2.8072222222222223
2026-01-15 03:00,1,3,31.0,182.41619753235722,0.0,1.0,0,0.44,0.05,0.0,0.0,0.0,0.0,0.0,371.2185745891253,182.41619753235722,0.0,0.0,2.4686568807343665
2026-01-15 04:00,1,4,31.0,188.2071879302098,0.0,1.0,0,0.44,0.05,0.0,0.0,0.0,0.0,5.790990397852596,365.114334733999,182.41619753235722,0.0,0.0,2.8072222222222223
2026-01-15 05:00,1,5,31.0,208.47565432269394,0.0,1.0,0,0.44,0.05,0.0,0.0,0.0,0.0,26.059456790336725,337.6452553859306,182.41619753235722,0.0,0.0,2.8072222222222223
2026-01-15 06:00,1,6,31.0,243.2215967098096,0.0,1.0,0,0.44,0.05,0.0,0.0,0.0,0.0,60.80539917745239,273.55073690710446,182.41619753235722,0.0,0.0,2.8072222222222223
2026-01-15 07:00,1,7,31.0,272.1765486990726,0.11657132923593193,1.0,0,0.44,0.05,107.75018555172004,0.0,17.989834385004656,-0.0,0.0,273.55073690710446,182.41619753235722,0.0,0.0,1.55
2026-01-15 08:00,1,8,31.0,298.23600548940937,0.3158915220470022,1.0,0,0.44,0.05,291.9874924467111,0.0,176.16768448965894,0.0,0.0,273.55073690710446,182.41619753235722,0.0,0.0,1.55
2026-01-15 09:00,1,9,31.0,312.713481484041,0.5151369831898819,1.0,0,0.44,0.05,476.15572274141886,0.0,345.8584387897351,0.0,0.0,273.55073690710446,182.41619753235722,0.0,0.0,1.55
2026-01-15 10:00,1,10,31.0,318.50447188189355,0.6724997440223498,1.0,0,0.44,0.05,621.6105853544368,0.0,334.2027705314001,151.31954047350038,0.0,417.105057622993,182.41619753235722,0.0,0.0,1.55
2026-01-15 11:00,1,11,31.0,324.2954622797462,0.7588399430751666,1.0,0,0.44,0.05,701.4172799292622,0.0,103.02700348115485,456.5110117007185,0.0,850.1894297996073,182.41619753235722,0.0,0.0,1.55
2026-01-15 12:00,1,12,31.0,332.98194787652506,0.7588399430751667,1.0,0,0.44,0.05,701.4172799292623,0.0,550.8515295850946,0.0,0.0,850.1894297996073,182.41619753235722,0.0,0.0,1.55
2026-01-15 13:00,1,13,31.0,335.87744307545137,0.6724997440223501,1.0,0,0.44,0.05,621.610585354437,0.0,11.6383281106244,456.5110117007185,0.0,1283.2738019762216,182.41619753235722,0.0,0.0,1.55
2026-01-15 14:00,1,14,31.0,341.66843347330393,0.5151369831898822,1.0,0,0.44,0.05,476.15572274141914,0.0,0.0,316.9034868004724,0.0,1583.9148469978013,182.41619753235722,0.0,0.0,1.55
2026-01-15 15:00,1,15,31.0,347.45942387115656,0.31589152204700277,1.0,0,0.44,0.05,291.9874924467116,0.0,0.0,126.94426610791226,0.0,1704.3447520376576,182.41619753235722,0.0,0.0,1.55
2026-01-15 16:00,1,16,31.0,353.2504142690092,0.11657132923593233,1.0,0,0.44,0.05,107.7501855517204,0.0,0.0,0.0,63.084031184931575,1637.8483445278328,182.41619753235722,0.0,0.0,2.8072222222222223
2026-01-15 17:00,1,17,31.0,367.7278902636407,0.0,1.0,0,0.44,0.05,0.0,0.0,0.0,0.0,185.31169273128347,1442.512669163791,182.41619753235722,0.0,0.0,2.8072222222222223
2026-01-15 18:00,1,18,31.0,387.9963566561249,0.0,1.0,0,0.44,0.05,0.0,0.0,0.0,0.0,205.58015912376766,1225.8121543068073,182.41619753235722,0.0,0.0,2.8072222222222223
2026-01-15 19:00,1,19,31.0,402.4738326507563,0.0,1.0,0,0.44,0.05,0.0,0.0,0.0,0.0,220.0576351183991,993.8510398120079,182.41619753235722,0.0,0.0,2.8072222222222223
2026-01-15 20:00,1,20,31.0,393.78734705397744,0.0,1.0,0,0.44,0.05,0.0,0.0,0.0,0.0,211.37114952162023,771.0462850998979,182.41619753235722,0.0,0.0,2.8072222222222223
2026-01-15 21:00,1,21,31.0,356.1459094679355,0.0,1.0,0,0.44,0.05,0.0,0.0,0.0,0.0,173.72971193557828,587.9190894461088,182.41619753235722,0.0,0.0,2.8072222222222223
2026-01-15 22:00,1,22,31.0,298.23600548940937,0.0,1.0,0,0.44,0.05,0.0,0.0,0.0,0.0,115.81980795705215,465.83429234358283,182.41619753235722,0.0,0.0,2.8072222222222223
2026-01-15 23:00,1,23,31.0,240.3261015108833,0.0,1.0,0,0.44,0.05,0.0,0.0,0.0,0.0,57.909903978526074,404.79189379231985,182.41619753235722,0.0,0.0,2.8072222222222223
2026-02-15 00:00,2,0,28.0,207.75178052296232,0.0,1.0,0,0.44,0.05,0.0,0.0,0.0,0.0,25.335582990605104,408.68040821661896,182.41619753235722,0.0,0.0,2.535555555555556
2026-02-15 01:00,2,1,28.0,195.8802502073645,0.0,1.0,0,0.44,0.05,0.0,0.0,0.0,0.0,13.46405267500728,394.48805055345036,182.41619753235722,0.0,0.0,2.535555555555556
2026-02-15 02:00,2,2,28.0,189.94448504956554,0.0,1.0,0,0.44,0.05,0.0,0.0,0.0,0.0,7.528287517208327,386.55253874178624,182.41619753235722,0.0,0.0,2.535555555555556
2026-02-15 03:00,2,3,28.0,186.9766024706661,0.0,1.0,0,0.44,0.05,0.0,0.0,0.0,0.0,4.560404938308892,381.7454498558743,182.41619753235722,0.0,0.0,2.535555555555556
2026-02-15 04:00,2,4,28.0,192.91236762846503,0.0,1.0,0,0.44,0.05,0.0,0.0,0.0,0.0,10.496170096107818,370.6815151184579,182.41619753235722,0.0,0.0,2.535555555555556
2026-02-15 05:00,2,5,28.0,213.68754568076127,0.0,1.0,0,0.44,0.05,0.0,0.0,0.0,0.0,31.27134814840406,337.71861990077593,182.41619753235722,0.0,0.0,2.535555555555556
2026-02-15 06:00,2,6,28.0,249.3021366275548,0.006503035597845222,1.0,0,0.44,0.05,6.010940227841878,0.0,0.0,0.0,60.87499886735571,273.55073690710446,182.41619753235722,0.0,0.0,2.535555555555556
2026-02-15 07:00,2,7,28.0,278.9809624165494,0.1620841666064739,1.0,0,0.44,0.05,149.81899186802943,0.0,0.0,0.0,0.0,273.55073690710446,129.16197054851997,0.0,0.0,1.4000000000000001
2026-02-15 08:00,2,8,28.0,305.69190562664454,0.3663385536496929,1.0,0,0.44,0.05,338.6171144245303,0.0,215.341406330243,0.0,0.0,273.55073690710446,182.41619753235722,0.0,0.0,1.4000000000000001
2026-02-15 09:00,2,9,28.0,320.53131852114194,0.5632351299183562,1.0,0,0.44,0.05,520.6142038161074,0.0,382.4990828273227,-0.0,0.0,273.55073690710446,182.41619753235722,0.0,0.0,1.4000000000000001
2026-02-15 10:00,2,10,28.0,326.4670836789408,0.7161126940148608,1.0,0,0.44,0.05,661.9232718868163,0.0,517.8723857402327,-0.0,0.0,273.55073690710446,182.41619753235722,0.0,0.0,1.4000000000000001
2026-02-15 11:00,2,11,28.0,332.40284883673974,0.7992815492806719,1.0,0,0.44,0.05,738.7986034606542,0.0,0.0,456.5110117007185,0.0,706.6351090837188,50.11525707680397,0.0,0.0,1.4000000000000001
2026-02-15 12:00,2,12,28.0,341.3064965734381,0.799281549280672,1.0,0,0.44,0.05,738.7986034606544,0.0,263.42869351143725,134.06341337577902,0.0,833.8188302329622,0.0,0.0,0.0,1.4000000000000001
2026-02-15 13:00,2,13,28.0,344.2743791523376,0.7161126940148612,1.0,0,0.44,0.05,661.9232718868168,0.0,43.55407856611794,456.5110117007185,0.0,1266.9032024095766,182.41619753235722,0.0,0.0,1.4000000000000001
2026-02-15 14:00,2,14,28.0,350.21014431013646,0.5632351299183564,1.0,0,0.44,0.05,520.6142038161075,0.0,0.0,352.8202570383283,0.0,1601.617887475728,182.41619753235722,0.0,0.0,1.4000000000000001
2026-02-15 15:00,2,15,28.0,356.1459094679354,0.3663385536496933,1.0,0,0.44,0.05,338.61711442453066,0.0,0.0,164.8874024889525,0.0,1758.04381227593,182.41619753235722,0.0,0.0,1.4000000000000001
2026-02-15 16:00,2,16,28.0,362.08167462573437,0.1620841666064742,1.0,0,0.44,0.05,149.8189918680297,0.0,0.0,0.0,29.846485225347436,1726.5828544550427,182.41619753235722,0.0,0.0,2.535555555555556
2026-02-15 17:00,2,17,28.0,376.92108752023165,0.006503035597845362,1.0,0,0.44,0.05,6.010940227842007,0.0,0.0,0.0,188.49394976003242,1527.8927856540256,182.41619753235722,0.0,0.0,2.535555555555556
2026-02-15 18:00,2,18,28.0,397.6962655725279,0.0,1.0,0,0.44,0.05,0.0,0.0,0.0,0.0,215.2800680401707,1300.9676690397055,182.41619753235722,0.0,0.0,2.535555555555556
2026-02-15 19:00,2,19,28.0,412.53567846702515,0.0,1.0,0,0.44,0.05,0.0,0.0,0.0,0.0,230.11948093466793,1058.4004377966241,182.41619753235722,0.0,0.0,2.535555555555556
2026-02-15 20:00,2,20,28.0,403.6320307303268,0.0,1.0,0,0.44,0.05,0.0,0.0,0.0,0.0,221.21583319796957,825.2184753307996,182.41619753235722,0.0,0.0,2.535555555555556
2026-02-15 21:00,2,21,28.0,365.0495572046338,0.0,1.0,0,0.44,0.05,0.0,0.0,0.0,0.0,182.63335967227658,632.706010899754,182.41619753235722,0.0,0.0,2.535555555555556
2026-02-15 22:00,2,22,28.0,305.69190562664454,0.0,1.0,0,0.44,0.05,0.0,0.0,0.0,0.0,123.27570809428732,502.76200498375295,182.41619753235722,0.0,0.0,2.535555555555556
2026-02-15 23:00,2,23,28.0,246.3342540486553,0.0,1.0,0,0.44,0.05,0.0,0.0,0.0,0.0,63.918056516298094,435.3864575827965,182.41619753235722,0.0,0.0,2.535555555555556
2026-03-15 00:00,3,0,31.0,222.95313031732542,0.0,1.0,0,0.44,0.05,0.0,0.0,0.0,0.0,40.5369327849682,456.15635912048833,182.41619753235722,0.0,0.0,2.8072222222222223
2026-03-15 01:00,3,1,31.0,210.21295144204973,0.0,1.0,0,0.44,0.05,0.0,0.0,0.0,0.0,27.796753909692512,426.8560078158821,182.41619753235722,0.0,0.0,2.8072222222222223
2026-03-15 02:00,3,2,31.0,203.8428620044118,0.0,1.0,0,0.44,0.05,0.0,0.0,0.0,0.0,21.426664472054597,404.27032035191485,182.41619753235722,0.0,0.0,2.8072222222222223
2026-03-15 03:00,3,3,31.0,200.65781728559293,0.0,1.0,0,0.44,0.05,0.0,0.0,0.0,0.0,18.24161975323571,385.04196480826704,182.41619753235722,0.0,0.0,2.8072222222222223
2026-03-15 04:00,3,4,31.0,207.02790672323076,0.0,1.0,0,0.44,0.05,0.0,0.0,0.0,0.0,24.61170919087354,359.0989454239803,182.41619753235722,0.0,0.0,2.8072222222222223
2026-03-15 05:00,3,5,31.0,229.32321975496333,0.0,1.0,0,0.44,0.05,0.0,0.0,0.0,0.0,46.907022222606116,309.65460259745726,182.41619753235722,0.0,0.0,2.8072222222222223
2026-03-15 06:00,3,6,31.0,267.5437563807905,0.05504150547132908,1.0,0,0.44,0.05,50.87642447293664,0.0,0.0,0.0,34.251134375496655,273.55073690710446,182.41619753235722,0.0,0.0,2.8072222222222223
2026-03-15 07:00,3,7,31.0,299.39420356897983,0.2351429666044023,1.0,0,0.44,0.05,217.349312638673,0.0,100.3713066020504,-0.0,0.0,273.55073690710446,182.41619753235722,0.0,0.0,1.55
2026-03-15 08:00,3,8,31.0,328.0596060383503,0.44005004912948453,1.0,0,0.44,0.05,406.75074013936984,0.0,261.10733163337676,0.0,0.0,273.55073690710446,182.41619753235722,0.0,0.0,1.55
2026-03-15 09:00,3,9,31.0,343.98482963244504,0.6291851081185781,1.0,0,0.44,0.05,581.5736389944051,0.0,237.58880936196005,0.0,0.0,273.55073690710446,0.0,0.0,0.0,1.55
2026-03-15 10:00,3,10,31.0,350.3549190700828,0.772821451116347,1.0,0,0.44,0.05,714.3407843244211,0.0,546.4020627866955,-0.0,0.0,273.55073690710446,182.41619753235722,0.0,0.0,1.55
2026-03-15 11:00,3,11,31.0,356.7250085077207,0.850082382175685,1.0,0,0.44,0.05,785.755254006699,0.0,378.169299903598,233.2771431277375,0.0,494.85686640932823,182.41619753235722,0.0,0.0,1.55
2026-03-15 12:00,3,12,31.0,366.2801426641775,0.8500823821756851,1.0,0,0.44,0.05,785.7552540066991,0.0,145.38029717416038,456.5110117007185,0.0,927.9412385859425,182.41619753235722,0.0,0.0,1.55
2026-03-15 13:00,3,13,31.0,369.4651873829964,0.772821451116347,1.0,0,0.44,0.05,714.3407843244211,0.0,70.78078277306344,456.5110117007185,0.0,1361.0256107625569,182.41619753235722,0.0,0.0,1.55
2026-03-15 14:00,3,14,31.0,375.83527682063425,0.6291851081185781,1.0,0,0.44,0.05,581.5736389944051,0.0,0.0,388.15455970612805,0.0,1729.2613586179116,182.41619753235722,0.0,0.0,1.55
2026-03-15 15:00,3,15,31.0,382.20536625827214,0.44005004912948475,1.0,0,0.44,0.05,406.75074013937007,0.0,0.0,206.96157141345515,0.0,1925.6023447561452,182.41619753235722,0.0,0.0,1.55
2026-03-15 16:00,3,16,31.0,388.57545569591,0.23514296660440237,1.0,0,0.44,0.05,217.3493126386731,0.0,0.0,11.190054475120291,0.0,1936.2181625409671,182.41619753235722,0.0,0.0,1.55
2026-03-15 17:00,3,17,31.0,404.5006792900047,0.05504150547132908,1.0,0,0.44,0.05,50.87642447293664,0.0,0.0,0.0,171.20805728471083,1755.7490242768774,182.41619753235722,0.0,0.0,2.8072222222222223
2026-03-15 18:00,3,18,31.0,426.79599232173734,0.0,1.0,0,0.44,0.05,0.0,0.0,0.0,0.0,244.37979478938013,1498.1501023905475,182.41619753235722,0.0,0.0,2.8072222222222223
2026-03-15 19:00,3,19,31.0,442.7212159158319,0.0,1.0,0,0.44,0.05,0.0,0.0,0.0,0.0,260.3050183834747,1223.7645209026205,182.41619753235722,0.0,0.0,2.8072222222222223
2026-03-15 20:00,3,20,31.0,433.1660817593751,0.0,1.0,0,0.44,0.05,0.0,0.0,0.0,0.0,250.7498842270179,959.4509351756516,182.41619753235722,0.0,0.0,2.8072222222222223
2026-03-15 21:00,3,21,31.0,391.760500414729,0.0,1.0,0,0.44,0.05,0.0,0.0,0.0,0.0,209.34430288237178,738.7826644128359,182.41619753235722,0.0,0.0,2.8072222222222223
2026-03-15 22:00,3,22,31.0,328.0596060383503,0.0,1.0,0,0.44,0.05,0.0,0.0,0.0,0.0,145.64340850599308,585.2610320564095,182.41619753235722,0.0,0.0,2.8072222222222223
2026-03-15 23:00,3,23,31.0,264.3587116619716,0.0,1.0,0,0.44,0.05,0.0,0.0,0.0,0.0,81.94251412961438,498.8860381063724,182.41619753235722,0.0,0.0,2.8072222222222223
2026-04-15 00:00,4,0,30.0,243.22159670980957,0.0,1.0,0,0.44,0.05,0.0,0.0,0.0,0.0,60.80539917745236,523.2103134518551,182.41619753235722,0.0,0.0,2.716666666666667
2026-04-15 01:00,4,1,30.0,229.32321975496333,0.0,1.0,0,0.44,0.05,0.0,0.0,0.0,0.0,46.907022222606116,473.7659706253321,182.41619753235722,0.0,0.0,2.716666666666667
2026-04-15 02:00,4,2,30.0,222.37403127754018,0.0,1.0,0,0.44,0.05,0.0,0.0,0.0,0.0,39.95783374518297,431.6467156249607,182.41619753235722,0.0,0.0,2.716666666666667
2026-04-15 03:00,4,3,30.0,218.89943703882864,0.0,1.0,0,0.44,0.05,0.0,0.0,0.0,0.0,36.48323950647142,393.190004537665,182.41619753235722,0.0,0.0,2.716666666666667
2026-04-15 04:00,4,4,30.0,225.84862551625176,0.0,1.0,0,0.44,0.05,0.0,0.0,0.0,0.0,43.43242798389454,347.40820562421777,182.41619753235722,0.0,0.0,2.716666666666667
2026-04-15 05:00,4,5,30.0,250.17078518723272,0.0,1.0,0,0.44,0.05,0.0,0.0,0.0,0.0,67.75458765487551,275.9885993192401,182.41619753235722,0.0,0.0,2.716666666666667
2026-04-15 06:00,4,6,30.0,291.8659160517715,0.11590790007772639,1.0,0,0.44,0.05,107.13695916607602,0.0,0.0,0.0,2.3127593533382367,273.55073690710446,182.41619753235722,0.0,0.0,2.716666666666667
2026-04-15 07:00,4,7,30.0,326.6118584388871,0.30589529143939526,1.0,0,0.44,0.05,282.74769300505363,0.0,138.55203209852374,-0.0,0.0,273.55073690710446,182.41619753235722,0.0,0.0,1.5
2026-04-15 08:00,4,8,30.0,357.8832065872912,0.5064428814391249,1.0,0,0.44,0.05,468.11951793025463,0.0,292.6525088753206,-0.0,0.0,273.55073690710446,182.41619753235722,0.0,0.0,1.5
2026-04-15 09:00,4,9,30.0,375.25617778084916,0.6857436752010865,1.0,0,0.44,0.05,633.8523265381104,0.0,441.0123462896185,0.0,0.0,273.55073690710446,182.41619753235722,0.0,0.0,1.5
2026-04-15 10:00,4,10,30.0,382.2053662582722,0.8195551869272685,1.0,0,0.44,0.05,757.5381016936021,0.0,553.2461061347049,4.502826832982207,0.0,277.8224935175684,182.41619753235722,0.0,0.0,1.5
2026-04-15 11:00,4,11,30.0,389.15455473569534,0.8908746797103949,1.0,0,0.44,0.05,823.460731479209,0.0,159.7576789924619,456.5110117007185,0.0,710.9068656941827,181.96251394966671,0.0,0.0,1.5
2026-04-15 12:00,4,12,30.0,399.57833745183,0.8908746797103949,1.0,0,0.44,0.05,823.460731479209,0.0,149.78757985901774,456.5110117007185,0.0,1143.991237870797,182.41619753235722,0.0,0.0,1.5
2026-04-15 13:00,4,13,30.0,403.0529316905416,0.8195551869272683,1.0,0,0.44,0.05,757.5381016936019,0.0,80.39035583469905,456.5110117007185,0.0,1577.0756100474114,182.41619753235722,0.0,0.0,1.5
2026-04-15 14:00,4,14,30.0,410.0021201679647,0.6857436752010863,1.0,0,0.44,0.05,633.8523265381102,0.0,0.0,406.26640390250276,0.0,1962.4937619887598,182.41619753235722,0.0,0.0,1.5
2026-04-15 15:00,4,15,30.0,416.9513086453878,0.5064428814391246,1.0,0,0.44,0.05,468.1195179302544,0.0,0.0,233.5844068172238,0.0,2184.0913874212965,182.41619753235722,0.0,0.0,1.5
2026-04-15 16:00,4,16,30.0,423.900497122811,0.3058952914393951,1.0,0,0.44,0.05,282.74769300505346,0.0,0.0,41.263393414599705,0.0,2223.237279574615,182.41619753235722,0.0,0.0,1.5
2026-04-15 17:00,4,17,30.0,441.2734683163688,0.1159079000777262,1.0,0,0.44,0.05,107.13695916607584,0.0,0.0,0.0,151.72031161793575,2063.3100289002205,182.41619753235722,0.0,0.0,2.716666666666667
2026-04-15 18:00,4,18,30.0,465.5956279873498,0.0,1.0,0,0.44,0.05,0.0,0.0,0.0,0.0,283.1794304549926,1764.8126999845442,182.41619753235722,0.0,0.0,2.716666666666667
2026-04-15 19:00,4,19,30.0,482.9685991809076,0.0,1.0,0,0.44,0.05,0.0,0.0,0.0,0.0,300.55240164855036,1448.0026515034892,182.41619753235722,0.0,0.0,2.716666666666667
2026-04-15 20:00,4,20,30.0,472.5448164647729,0.0,1.0,0,0.44,0.05,0.0,0.0,0.0,0.0,290.1286189324157,1142.1802347616617,182.41619753235722,0.0,0.0,2.716666666666667
2026-04-15 21:00,4,21,30.0,427.37509136152255,0.0,1.0,0,0.44,0.05,0.0,0.0,0.0,0.0,244.95889382916533,883.9708888898192,182.41619753235722,0.0,0.0,2.716666666666667
2026-04-15 22:00,4,22,30.0,357.8832065872912,0.0,1.0,0,0.44,0.05,0.0,0.0,0.0,0.0,175.467009054934,699.0124212794924,182.41619753235722,0.0,0.0,2.716666666666667
2026-04-15 23:00,4,23,30.0,288.3913218130599,0.0,1.0,0,0.44,0.05,0.0,0.0,0.0,0.0,105.97512428070269,587.3048319306812,182.41619753235722,0.0,0.0,2.716666666666667
2026-05-15 00:00,5,0,31.0,273.62429629853574,0.0,1.0,0,0.44,0.05,0.0,0.0,0.0,0.0,91.20809876617852,538.3064699886438,182.41619753235722,0.0,0.0,13.64
2026-05-15 01:00,5,1,31.0,257.9886222243337,0.0,1.0,0,0.44,0.05,0.0,0.0,0.0,0.0,75.5724246919765,458.64613987924565,182.41619753235722,0.0,0.0,13.64
2026-05-15 02:00,5,2,31.0,250.1707851872327,0.0,1.0,0,0.44,0.05,0.0,27.666845619026716,0.0,0.0,40.08774203584876,416.38994951705985,182.41619753235722,0.0,0.0,13.64
2026-05-15 03:00,5,3,31.0,246.26186666868222,0.0,1.0,0,0.44,0.05,0.0,0.0,0.0,0.0,63.845669136325,349.0907051142924,182.41619753235722,0.0,0.0,13.64
2026-05-15 04:00,5,4,31.0,254.0797037057832,0.0,1.0,0,0.44,0.05,0.0,0.0,0.0,0.0,71.66350617342599,273.55073690710446,182.41619753235722,0.0,0.0,13.64
2026-05-15 05:00,5,5,31.0,281.4421333356368,0.014614295353974434,1.0,0,0.44,0.05,13.508407654092377,85.51752814918723,0.0,0.0,-0.0,273.55073690710446,182.41619753235722,0.0,0.0,13.64
2026-05-15 06:00,5,6,31.0,328.3491555582429,0.1613400337618746,1.0,0,0.44,0.05,149.1311687763117,0.0,0.0,-0.0,0.0,273.55073690710446,179.2179867819312,0.0,0.0,1.5500000000000003
2026-05-15 07:00,5,7,31.0,367.438340743748,0.35046335573758985,1.0,0,0.44,0.05,323.94321877702214,0.0,138.92107556563138,0.0,0.0,273.55073690710446,182.41619753235722,0.0,0.0,1.55
2026-05-15 08:00,5,8,31.0,402.6186074107026,0.5426065900550217,1.0,0,0.44,0.05,501.54665939927474,0.0,281.34424952092934,0.0,0.0,273.55073690710446,182.41619753235722,0.0,0.0,1.55
2026-05-15 09:00,5,9,31.0,422.16320000345524,0.7111781969686107,1.0,0,0.44,0.05,657.362176325645,0.0,415.59294572043666,2.0222281341103003,0.0,275.46919096278276,182.41619753235722,0.0,0.0,1.55
2026-05-15 10:00,5,10,31.0,429.9810370405562,0.8356301540908203,1.0,0,0.44,0.05,772.3966497256393,0.0,68.32079851672188,456.5110117007185,0.0,708.553563139397,182.41619753235722,0.0,0.0,1.55
2026-05-15 11:00,5,11,31.0,437.7988740776573,0.9015791627969072,1.0,0,0.44,0.05,833.3551887730134,0.0,121.46150052699488,456.5110117007185,0.0,1141.6379353160114,182.41619753235722,0.0,0.0,1.55
2026-05-15 12:00,5,12,31.0,449.5256296333087,0.901579162796907,1.0,0,0.44,0.05,833.3551887730132,0.0,109.73474497134322,456.5110117007185,0.0,1574.7223074926258,182.41619753235722,0.0,0.0,1.55
2026-05-15 13:00,5,13,31.0,453.43454815185925,0.8356301540908203,1.0,0,0.44,0.05,772.3966497256393,0.0,44.867287405418836,456.5110117007185,0.0,2007.80667966924,182.41619753235722,0.0,0.0,1.55
2026-05-15 14:00,5,14,31.0,461.2523851889602,0.7111781969686105,1.0,0,0.44,0.05,657.3621763256448,0.0,0.0,378.5259886690418,0.0,2366.907962997618,182.41619753235722,0.0,0.0,1.55
2026-05-15 15:00,5,15,31.0,469.0702222260613,0.5426065900550219,1.0,0,0.44,0.05,501.5466593992749,0.0,0.0,214.89263470557086,0.0,2570.7730164168634,182.41619753235722,0.0,0.0,1.55
2026-05-15 16:00,5,16,31.0,476.88805926316235,0.3504633557375896,1.0,0,0.44,0.05,323.94321877702185,0.0,0.0,29.471357046216724,0.0,2598.7320006174923,182.41619753235722,0.0,0.0,1.55
2026-05-15 17:00,5,17,31.0,496.43265185591486,0.16134003376187453,1.0,0,0.44,0.05,149.13116877631163,0.0,0.0,0.0,164.885285547246,2424.9276489586455,182.41619753235722,0.0,0.0,13.64
2026-05-15 18:00,5,18,31.0,523.7950814857685,0.014614295353974327,1.0,0,0.44,0.05,13.508407654092277,0.0,0.0,0.0,327.870476299319,2079.321821415278,182.41619753235722,0.0,0.0,13.64
2026-05-15 19:00,5,19,31.0,543.3396740785209,0.0,1.0,0,0.44,0.05,0.0,0.0,0.0,0.0,360.9234765461637,1698.8750724445315,182.41619753235722,0.0,0.0,13.64
2026-05-15 20:00,5,20,31.0,531.6129185228694,0.0,1.0,0,0.44,0.05,0.0,0.0,0.0,0.0,349.19672099051223,1330.7894091804155,182.41619753235722,0.0,0.0,13.64
2026-05-15 21:00,5,21,31.0,480.7969777817128,0.0,1.0,0,0.44,0.05,0.0,0.0,0.0,0.0,298.3807802493556,1016.268450645033,182.41619753235722,0.0,0.0,13.64
2026-05-15 22:00,5,22,31.0,402.6186074107026,0.0,1.0,0,0.44,0.05,0.0,0.0,0.0,0.0,220.2024098783454,784.1547301538554,182.41619753235722,0.0,0.0,13.64
2026-05-15 23:00,5,23,31.0,324.44023703969236,0.0,1.0,0,0.44,0.05,0.0,0.0,0.0,0.0,142.02403950733515,634.448247706883,182.41619753235722,0.0,0.0,13.64
2026-06-15 00:00,6,0,30.0,304.026995887262,0.0,1.0,0,0.44,0.05,0.0,121.61079835490477,0.0,0.0,0.0,273.55073690710446,182.41619753235722,0.0,0.0,13.2
2026-06-15 01:00,6,1,30.0,286.6540246937042,0.0,1.0,0,0.44,0.05,0.0,104.23782716134696,0.0,0.0,0.0,273.55073690710446,182.41619753235722,0.0,0.0,13.2
2026-06-15 02:00,6,2,30.0,277.96753909692524,0.0,1.0,0,0.44,0.05,0.0,95.55134156456802,0.0,0.0,-0.0,273.55073690710446,182.41619753235722,0.0,0.0,13.2
2026-06-15 03:00,6,3,30.0,273.6242962985358,0.0,1.0,0,0.44,0.05,0.0,91.20809876617858,0.0,0.0,0.0,273.55073690710446,182.41619753235722,0.0,0.0,13.2
2026-06-15 04:00,6,4,30.0,282.3107818953147,0.0,1.0,0,0.44,0.05,0.0,99.89458436295746,0.0,0.0,0.0,273.55073690710446,182.41619753235722,0.0,0.0,13.2
2026-06-15 05:00,6,5,30.0,312.7134814840409,0.02916919937020863,1.0,0,0.44,0.05,26.961918210385313,103.3353657412984,0.0,0.0,-0.0,273.55073690710446,182.41619753235722,0.0,0.0,13.2
2026-06-15 06:00,6,6,30.0,364.8323950647144,0.17685528496529332,1.0,0,0.44,0.05,163.47235547296822,18.943842059388942,0.0,0.0,0.0,273.55073690710446,182.41619753235722,0.0,0.0,13.2
2026-06-15 07:00,6,7,30.0,408.2648230486089,0.35755868700638316,1.0,0,0.44,0.05,330.50163469090484,0.0,104.65300917465316,-0.0,0.0,273.55073690710446,182.41619753235722,0.0,0.0,1.5
2026-06-15 08:00,6,8,30.0,447.3540082341141,0.5383051608456971,1.0,0,0.44,0.05,497.5707263934474,0.0,49.12070717317917,183.51220851851136,0.0,447.6457041169794,182.41619753235722,0.0,0.0,1.5
2026-06-15 09:00,6,9,30.0,469.0702222260614,0.6955793879384372,1.0,0,0.44,0.05,642.9437547600362,0.0,356.289730066332,0.0,0.0,447.6457041169794,182.41619753235722,0.0,0.0,1.5
2026-06-15 10:00,6,10,30.0,477.75670782284027,0.8111335083026916,1.0,0,0.44,0.05,749.7537053038301,0.0,0.0,454.41319501334704,0.0,878.7399126399127,182.41619753235722,0.0,0.0,1.5
2026-06-15 11:00,6,11,30.0,486.4431934196192,0.8722087126619221,1.0,0,0.44,0.05,806.2072487733149,0.0,45.669241185334386,456.5110117007185,0.0,1311.824284816527,182.41619753235722,0.0,0.0,1.5
2026-06-15 12:00,6,12,30.0,499.4729218147875,0.8722087126619221,1.0,0,0.44,0.05,806.2072487733149,0.0,32.639512790166066,456.5110117007185,0.0,1744.9086569931414,182.41619753235722,0.0,0.0,1.5
2026-06-15 13:00,6,13,30.0,503.81616461317697,0.8111335083026917,1.0,0,0.44,0.05,749.7537053038302,0.0,0.0,428.35373822301045,0.0,2151.2806941028134,182.41619753235722,0.0,0.0,1.5
2026-06-15 14:00,6,14,30.0,512.5026502099558,0.6955793879384374,1.0,0,0.44,0.05,642.9437547600364,0.0,0.0,312.8573020824378,0.0,2448.0831912615663,182.41619753235722,0.0,0.0,1.5
2026-06-15 15:00,6,15,30.0,521.1891358067347,0.5383051608456974,1.0,0,0.44,0.05,497.5707263934476,0.0,0.0,158.7977881190701,0.0,2598.7320006174923,182.41619753235722,0.0,0.0,1.5
2026-06-15 16:00,6,16,30.0,529.8756214035137,0.3575586870063837,1.0,0,0.44,0.05,330.50163469090535,0.0,0.0,0.0,16.957789180251154,2580.856921320641,182.41619753235722,0.0,0.0,13.2
2026-06-15 17:00,6,17,30.0,551.591835395461,0.17685528496529357,1.0,0,0.44,0.05,163.47235547296845,0.0,0.0,0.0,205.7032823901353,2364.02662314543,182.41619753235722,0.0,0.0,13.2
2026-06-15 18:00,6,18,30.0,581.9945349841873,0.0291691993702089,1.0,0,0.44,0.05,26.961918210385566,0.0,0.0,0.0,372.61641924144453,1971.2544303523784,182.41619753235722,0.0,0.0,13.2
2026-06-15 19:00,6,19,30.0,603.7107489761345,0.0,1.0,0,0.44,0.05,0.0,0.0,0.0,0.0,421.29455144377727,1527.1709808919402,182.41619753235722,0.0,0.0,13.2
2026-06-15 20:00,6,20,30.0,590.6810205809661,0.0,1.0,0,0.44,0.05,0.0,0.0,0.0,0.0,408.2648230486089,1096.822071105536,182.41619753235722,0.0,0.0,13.2
2026-06-15 21:00,6,21,30.0,534.2188642019032,0.0,1.0,0,0.44,0.05,0.0,13.789667587455824,0.0,0.0,338.0129990820902,740.5250858242664,182.41619753235722,0.0,0.0,13.2
2026-06-15 22:00,6,22,30.0,447.3540082341141,0.0,1.0,0,0.44,0.05,0.0,0.0,0.0,0.0,264.93781070175686,461.25611245223814,182.41619753235722,0.0,0.0,13.2
2026-06-15 23:00,6,23,30.0,360.4891522663249,0.0,1.0,0,0.44,0.05,0.0,0.0,0.0,0.0,178.07295473396766,273.55073690710446,182.41619753235722,0.0,0.0,13.2
2026-07-15 00:00,7,0,31.0,324.2954622797461,0.0,1.0,0,0.44,0.05,0.0,141.8792647473889,0.0,0.0,0.0,273.55073690710446,182.41619753235722,0.0,0.0,13.64
2026-07-15 01:00,7,1,31.0,305.7642930066178,0.0,1.0,0,0.44,0.05,0.0,123.34809547426056,0.0,0.0,-0.0,273.55073690710446,182.41619753235722,0.0,0.0,13.64
2026-07-15 02:00,7,2,31.0,296.4987083700536,0.0,1.0,0,0.44,0.05,0.0,114.08251083769636,0.0,0.0,0.0,273.55073690710446,182.41619753235722,0.0,0.0,13.64
2026-07-15 03:00,7,3,31.0,291.86591605177153,0.0,1.0,0,0.44,0.05,0.0,109.44971851941432,0.0,0.0,-0.0,273.55073690710446,182.41619753235722,0.0,0.0,13.64
2026-07-15 04:00,7,4,31.0,301.1315006883357,0.0,1.0,0,0.44,0.05,0.0,118.71530315597846,0.0,0.0,0.0,273.55073690710446,182.41619753235722,0.0,0.0,13.64
2026-07-15 05:00,7,5,31.0,333.5610469163103,0.018045514421403563,1.0,0,0.44,0.05,16.679980746784945,134.46486863716814,0.0,0.0,-0.0,273.55073690710446,182.41619753235722,0.0,0.0,13.64
2026-07-15 06:00,7,6,31.0,389.15455473569534,0.15560292015659075,1.0,0,0.44,0.05,143.82819196758464,62.91016523575354,0.0,0.0,-5.3926402077338126e-14,273.5507369071045,182.41619753235722,0.0,0.0,13.64
2026-07-15 07:00,7,7,31.0,435.48247791851617,0.32952532111663524,1.0,0,0.44,0.05,304.5895995785135,0.0,0.0,51.52331919235457,0.0,322.43004928501676,182.41619753235722,0.0,0.0,10.213971119858655
2026-07-15 08:00,7,8,31.0,477.177608783055,0.5052697804423147,1.0,0,0.44,0.05,467.03518740999976,0.0,0.0,172.27377615930197,0.0,485.86330341943903,182.41619753235722,0.0,0.0,10.213971119858662
2026-07-15 09:00,7,9,31.0,500.3415703744655,0.659019774321397,1.0,0,0.44,0.05,609.1506670706748,0.0,0.0,291.2252942285665,0.0,762.1438760239271,182.41619753235722,0.0,0.0,10.213971119858662
2026-07-15 10:00,7,10,31.0,509.60715501102965,0.772342863977692,1.0,0,0.44,0.05,713.8984126595293,0.0,0.0,386.70745518085687,0.0,1129.0067799856238,182.41619753235722,0.0,0.0,10.213971119858662
2026-07-15 11:00,7,11,31.0,518.8727396475938,0.8323413841043662,1.0,0,0.44,0.05,769.3567463583186,0.0,0.0,432.900204243082,0.0,1539.6919734736916,182.41619753235722,0.0,0.0,10.213971119858662
2026-07-15 12:00,7,12,31.0,532.7711166024401,0.8323413841043662,1.0,0,0.44,0.05,769.3567463583186,0.0,0.0,419.0018272882357,0.0,1937.1920088746867,182.41619753235722,0.0,0.0,10.213971119858662
2026-07-15 13:00,7,13,31.0,537.4039089207222,0.7723428639776921,1.0,0,0.44,0.05,713.8984126595294,0.0,0.0,358.91070127116444,0.0,2277.6845966622377,182.41619753235722,0.0,0.0,10.213971119858662
2026-07-15 14:00,7,14,31.0,546.6694935572863,0.659019774321397,1.0,0,0.44,0.05,609.1506670706748,0.0,0.0,244.89737104574573,0.0,2510.0146423098163,182.41619753235722,0.0,0.0,10.213971119858662
2026-07-15 15:00,7,15,31.0,555.9350781938505,0.5052697804423147,1.0,0,0.44,0.05,467.03518740999976,0.0,0.0,93.51630674850651,0.0,2598.7320006174928,182.41619753235722,0.0,0.0,10.213971119858662
2026-07-15 16:00,7,16,31.0,565.2006628304147,0.32952532111663524,1.0,0,0.44,0.05,304.5895995785135,0.0,0.0,0.0,78.19486571954394,2516.307374949233,182.41619753235722,0.0,0.0,13.64
2026-07-15 17:00,7,17,31.0,588.364624421825,0.15560292015659075,1.0,0,0.44,0.05,143.82819196758464,0.0,0.0,0.0,262.1202349218832,2240.00838722538,182.41619753235722,0.0,0.0,13.64
2026-07-15 18:00,7,18,31.0,620.7941706497998,0.018045514421403525,1.0,0,0.44,0.05,16.67998074678491,0.0,0.0,0.0,421.69799237065763,1795.4996736881844,182.41619753235722,0.0,0.0,13.64
2026-07-15 19:00,7,19,31.0,643.9581322412101,0.0,1.0,0,0.44,0.05,0.0,5.030923008134437,0.0,0.0,456.5110117007185,1314.2948157141686,182.41619753235722,0.0,0.0,13.64
2026-07-15 20:00,7,20,31.0,630.059755286364,0.0,1.0,0,0.44,0.05,0.0,0.0,0.0,0.0,447.64355775400674,842.4370749129055,182.41619753235722,0.0,0.0,13.64
2026-07-15 21:00,7,21,31.0,569.8334551486968,0.0,1.0,0,0.44,0.05,0.0,0.0,0.0,0.0,387.41725761633955,434.06342860495596,182.41619753235722,0.0,0.0,13.64
2026-07-15 22:00,7,22,31.0,477.177608783055,0.0,1.0,0,0.44,0.05,0.0,294.7614112506978,0.0,0.0,0.0,434.06342860495596,182.41619753235722,0.0,0.0,13.64
2026-07-15 23:00,7,23,31.0,384.52176241741324,0.0,1.0,0,0.44,0.05,0.0,49.829855146172946,0.0,0.0,152.27570973888308,273.55073690710446,182.41619753235722,0.0,0.0,13.64
2026-08-15 00:00,8,0,30.0,321.7619039806856,0.0,1.0,0,0.44,0.05,0.0,139.34570644832837,0.0,0.0,0.0,273.55073690710446,182.41619753235722,0.0,0.0,13.2
2026-08-15 01:00,8,1,30.0,303.3755094675036,0.0,1.0,0,0.44,0.05,0.0,120.95931193514639,0.0,0.0,-0.0,273.55073690710446,182.41619753235722,0.0,0.0,13.2
2026-08-15 02:00,8,2,30.0,294.1823122109126,0.0,1.0,0,0.44,0.05,0.0,111.76611467855537,0.0,0.0,-0.0,273.55073690710446,182.41619753235722,0.0,0.0,13.2
2026-08-15 03:00,8,3,30.0,289.5857135826171,0.0,1.0,0,0.44,0.05,0.0,107.16951605025986,0.0,0.0,0.0,273.55073690710446,182.41619753235722,0.0,0.0,13.2
2026-08-15 04:00,8,4,30.0,298.7789108392081,0.0,1.0,0,0.44,0.05,0.0,116.36271330685088,0.0,0.0,0.0,273.55073690710446,182.41619753235722,0.0,0.0,13.2
2026-08-15 05:00,8,5,30.0,330.95510123727666,0.0,1.0,0,0.44,0.05,0.0,148.53890370491945,0.0,0.0,-0.0,273.55073690710446,182.41619753235722,0.0,0.0,13.2
2026-08-15 06:00,8,6,30.0,386.1142847768227,0.12331898624522603,1.0,0,0.44,0.05,113.98723628757708,89.71085095688846,0.0,0.0,0.0,273.55073690710446,182.41619753235722,0.0,0.0,13.2
2026-08-15 07:00,8,7,30.0,432.0802710597778,0.3020864658051153,1.0,0,0.44,0.05,279.22708745377616,0.0,0.0,29.56301392635561,0.0,301.5966744590728,182.41619753235722,0.0,0.0,10.934999999999999
2026-08-15 08:00,8,8,30.0,473.4496587144374,0.4881695056122578,1.0,0,0.44,0.05,451.22891842429715,0.0,0.0,160.19545724221695,0.0,453.57142916832925,182.41619753235722,0.0,0.0,10.934999999999999
2026-08-15 09:00,8,9,30.0,496.432651855915,0.6534272009041987,1.0,0,0.44,0.05,603.9812928569253,0.0,0.0,289.96483853336747,0.0,728.656228506849,182.41619753235722,0.0,0.0,10.934999999999999
2026-08-15 10:00,8,10,30.0,505.625849112506,0.7762914186630806,1.0,0,0.44,0.05,717.5481737354336,0.0,0.0,394.3385221552848,0.0,1102.7585982534902,182.41619753235722,0.0,0.0,10.934999999999999
2026-08-15 11:00,8,11,30.0,514.819046369097,0.8416441252389728,1.0,0,0.44,0.05,777.9555338128629,0.0,0.0,445.5526849761231,0.0,1525.4469888919002,182.41619753235722,0.0,0.0,10.934999999999999
2026-08-15 12:00,8,12,30.0,528.6088422539835,0.8416441252389728,1.0,0,0.44,0.05,777.9555338128629,0.0,0.0,431.76288909123656,0.0,1935.0532304907927,182.41619753235722,0.0,0.0,10.934999999999999
2026-08-15 13:00,8,13,30.0,533.205440882279,0.7762914186630806,1.0,0,0.44,0.05,717.5481737354336,0.0,0.0,366.75893038551175,0.0,2282.991302158399,182.41619753235722,0.0,0.0,10.934999999999999
2026-08-15 14:00,8,14,30.0,542.39863813887,0.6534272009041987,1.0,0,0.44,0.05,603.9812928569253,0.0,0.0,243.99885225041254,0.0,2514.4689380318605,182.41619753235722,0.0,0.0,10.934999999999999
2026-08-15 15:00,8,15,30.0,551.591835395461,0.4881695056122578,1.0,0,0.44,0.05,451.22891842429715,0.0,0.0,82.05328056119339,0.0,2592.3115148505176,182.41619753235722,0.0,0.0,10.934999999999999
2026-08-15 16:00,8,16,30.0,560.7850326520521,0.3020864658051154,1.0,0,0.44,0.05,279.2270874537763,0.0,0.0,0.0,99.14174766591861,2487.8069369058558,182.41619753235722,0.0,0.0,13.2
2026-08-15 17:00,8,17,30.0,583.7680257935295,0.12331898624522598,1.0,0,0.44,0.05,113.98723628757703,0.0,0.0,0.0,287.3645919735953,2184.8980603986884,182.41619753235722,0.0,0.0,13.2
2026-08-15 18:00,8,18,30.0,615.9442161915982,0.0,1.0,0,0.44,0.05,0.0,0.0,0.0,0.0,433.528018659241,1727.9194042442955,182.41619753235722,0.0,0.0,13.2
2026-08-15 19:00,8,19,30.0,638.9272093330757,0.0,1.0,0,0.44,0.05,0.0,9.999996564147295e-08,0.0,0.0,456.5110117007185,1246.7145462702797,182.41619753235722,0.0,0.0,13.2
2026-08-15 20:00,8,20,30.0,625.1374134481892,0.0,1.0,0,0.44,0.05,0.0,0.0,0.0,0.0,442.72121591583203,780.045409345874,182.41619753235722,0.0,0.0,13.2
2026-08-15 21:00,8,21,30.0,565.3816312803476,0.0,1.0,0,0.44,0.05,0.0,193.49585863584414,0.0,0.0,189.46957511214626,580.3269411262957,182.41619753235722,0.0,0.0,13.2
2026-08-15 22:00,8,22,30.0,473.4496587144374,0.0,1.0,0,0.44,0.05,0.0,0.0,0.0,0.0,291.0334611820802,273.55073690710446,182.41619753235722,0.0,0.0,13.2
2026-08-15 23:00,8,23,30.0,381.5176861485272,0.0,1.0,0,0.44,0.05,0.0,199.10148861617,0.0,0.0,0.0,273.55073690710446,182.41619753235722,0.0,0.0,13.2
2026-09-15 00:00,9,0,30.0,296.42632099008046,0.0,1.0,0,0.44,0.05,0.0,114.01012345772324,0.0,0.0,0.0,273.55073690710446,182.41619753235722,0.0,0.0,13.2
2026-09-15 01:00,9,1,30.0,279.4876740763616,0.0,1.0,0,0.44,0.05,0.0,97.07147654400438,0.0,0.0,-0.0,273.55073690710446,182.41619753235722,0.0,0.0,13.2
2026-09-15 02:00,9,2,30.0,271.0183506195021,0.0,1.0,0,0.44,0.05,0.0,88.60215308714487,0.0,0.0,0.0,273.55073690710446,182.41619753235722,0.0,0.0,13.2
2026-09-15 03:00,9,3,30.0,266.7836888910724,0.0,1.0,0,0.44,0.05,0.0,84.3674913587152,0.0,0.0,-0.0,273.55073690710446,182.41619753235722,0.0,0.0,13.2
2026-09-15 04:00,9,4,30.0,275.2530123479319,0.0,1.0,0,0.44,0.05,0.0,92.83681481557466,0.0,0.0,-0.0,273.55073690710446,182.41619753235722,0.0,0.0,13.2
2026-09-15 05:00,9,5,30.0,304.8956444469399,0.0,1.0,0,0.44,0.05,0.0,122.4794469145827,0.0,0.0,-0.0,273.55073690710446,182.41619753235722,0.0,0.0,13.2
2026-09-15 06:00,9,6,30.0,355.71158518809654,0.07832631544741489,1.0,0,0.44,0.05,72.39923468625993,100.89615296947937,0.0,0.0,0.0,273.55073690710446,182.41619753235722,0.0,0.0,13.2
2026-09-15 07:00,9,7,30.0,398.0582024723937,0.2662654732321772,1.0,0,0.44,0.05,246.11672814261937,0.0,30.47472320258288,-0.0,0.0,273.55073690710446,182.41619753235722,0.0,0.0,1.5
2026-09-15 08:00,9,8,30.0,436.1701580282612,0.47324080071695424,1.0,0,0.44,0.05,437.4298931145642,0.0,183.67593261866023,0.0,0.0,273.55073690710446,182.41619753235722,0.0,0.0,1.5
2026-09-15 09:00,9,9,30.0,457.3434666704099,0.6618108662378346,1.0,0,0.44,0.05,611.7305524838314,0.0,95.89475977344762,240.9085235723311,0.0,502.09662957818347,182.41619753235722,0.0,0.0,1.5
2026-09-15 10:00,9,10,30.0,465.8127901272693,0.804017211499562,1.0,0,0.44,0.05,743.175910351982,0.0,3.2683060563514346,456.5110117007185,0.0,935.1810017547978,182.41619753235722,0.0,0.0,1.5
2026-09-15 11:00,9,11,30.0,474.28211358412875,0.8802295958056067,1.0,0,0.44,0.05,813.6211785336207,0.0,65.24425078113063,456.5110117007185,0.0,1368.2653739314121,182.41619753235722,0.0,0.0,1.5
2026-09-15 12:00,9,12,30.0,486.9860987694179,0.8802295958056067,1.0,0,0.44,0.05,813.6211785336207,0.0,52.540265595841504,456.5110117007185,0.0,1801.3497461080265,182.41619753235722,0.0,0.0,1.5
2026-09-15 13:00,9,13,30.0,491.2207604978476,0.8040172114995616,1.0,0,0.44,0.05,743.1759103519818,0.0,0.0,434.3713473864914,0.0,2213.4305885252884,182.41619753235722,0.0,0.0,1.5
2026-09-15 14:00,9,14,30.0,499.69008395470695,0.661810866237834,1.0,0,0.44,0.05,611.7305524838308,0.0,0.0,294.4566660614811,0.0,2492.776709617453,182.41619753235722,0.0,0.0,1.5
2026-09-15 15:00,9,15,30.0,508.15940741156646,0.473240800716954,1.0,0,0.44,0.05,437.42989311456404,0.0,0.0,111.68668323535479,0.0,2598.7320006174923,182.41619753235722,0.0,0.0,1.5
2026-09-15 16:00,9,16,30.0,516.6287308684259,0.2662654732321768,1.0,0,0.44,0.05,246.11672814261902,0.0,0.0,0.0,88.09580519344968,2505.8708683782284,182.41619753235722,0.0,0.0,13.2
2026-09-15 17:00,9,17,30.0,537.8020395105744,0.07832631544741457,1.0,0,0.44,0.05,72.39923468625963,0.0,0.0,0.0,282.9866072919576,2207.5767929228286,182.41619753235722,0.0,0.0,13.2
2026-09-15 18:00,9,18,30.0,567.4446716095827,0.0,1.0,0,0.44,0.05,0.0,0.0,0.0,0.0,385.02847407722544,1801.7211455551187,182.41619753235722,0.0,0.0,13.2
2026-09-15 19:00,9,19,30.0,588.6179802517311,0.0,1.0,0,0.44,0.05,0.0,0.0,0.0,0.0,406.20178271937385,1373.5468712171034,182.41619753235722,0.0,0.0,13.2
2026-09-15 20:00,9,20,30.0,575.913995066442,0.0,1.0,0,0.44,0.05,0.0,0.0,0.0,0.0,393.4977975340848,958.7637730612713,182.41619753235722,0.0,0.0,13.2
2026-09-15 21:00,9,21,30.0,520.8633925968556,0.0,1.0,0,0.44,0.05,0.0,111.21171848177107,0.0,0.0,227.23547658272736,719.2365493295134,182.41619753235722,0.0,0.0,13.2
2026-09-15 22:00,9,22,30.0,436.1701580282612,0.0,1.0,0,0.44,0.05,0.0,0.0,0.0,0.0,253.75396049590398,451.7563891776979,182.41619753235722,0.0,0.0,13.2
2026-09-15 23:00,9,23,30.0,351.4769234596668,0.0,1.0,0,0.44,0.05,0.0,0.0,0.0,0.0,169.0607259273096,273.55073690710446,182.41619753235722,0.0,0.0,13.2
2026-10-15 00:00,10,0,31.0,258.4229465041726,0.0,1.0,0,0.44,0.05,0.0,0.0,0.0,0.0,76.0067489718154,523.7929897677442,182.41619753235722,0.0,0.0,13.64
2026-10-15 01:00,10,1,31.0,243.6559209896485,0.0,1.0,0,0.44,0.05,0.0,0.0,0.0,0.0,61.23972345729129,459.2406532997836,182.41619753235722,0.0,0.0,13.64
2026-10-15 02:00,10,2,31.0,236.27240823238643,0.0,1.0,0,0.44,0.05,0.0,0.0,0.0,0.0,53.85621070002921,402.4712226471091,182.41619753235722,0.0,0.0,13.64
2026-10-15 03:00,10,3,31.0,232.5806518537554,0.0,1.0,0,0.44,0.05,0.0,0.0,0.0,0.0,50.16445432139818,349.5932449020776,182.41619753235722,0.0,0.0,13.64
2026-10-15 04:00,10,4,31.0,239.96416461101748,0.0,1.0,0,0.44,0.05,0.0,0.0,0.0,0.0,57.547967078660264,288.93236134176,182.41619753235722,0.0,0.0,13.64
2026-10-15 05:00,10,5,31.0,265.8064592614347,0.0,1.0,0,0.44,0.05,0.0,68.79797153103414,0.0,0.0,14.592290198043369,273.55073690710446,182.41619753235722,0.0,0.0,13.64
2026-10-15 06:00,10,6,31.0,310.10753580500716,0.029317153274583074,1.0,0,0.44,0.05,27.098676200140943,100.59266207250897,0.0,0.0,0.0,273.55073690710446,182.41619753235722,0.0,0.0,13.64
2026-10-15 07:00,10,7,31.0,347.02509959131754,0.20668729305772168,1.0,0,0.44,0.05,191.0469265824204,0.0,26.438024523460086,-0.0,0.0,273.55073690710446,182.41619753235722,0.0,0.0,1.55
2026-10-15 08:00,10,8,31.0,380.2509069989969,0.4203087954698445,1.0,0,0.44,0.05,388.50333952386654,0.0,190.66863005722684,-0.0,0.0,273.55073690710446,182.41619753235722,0.0,0.0,1.55
2026-10-15 09:00,10,9,31.0,398.70968889215214,0.6214495259017765,1.0,0,0.44,0.05,574.4234209718929,0.0,0.0,358.129929612098,0.0,613.302619662108,182.41619753235722,0.0,0.0,1.55
2026-10-15 10:00,10,10,31.0,406.0932016494142,0.7757971959787523,1.0,0,0.44,0.05,717.0913496922551,0.0,219.2421923779255,274.1721531972726,0.0,873.4051621909073,182.41619753235722,0.0,0.0,1.55
2026-10-15 11:00,10,11,31.0,413.47671440667625,0.8592654121558879,1.0,0,0.44,0.05,794.2433890462443,0.0,106.67186047120674,456.5110117007185,0.0,1306.4895343675216,182.41619753235722,0.0,0.0,1.55
2026-10-15 12:00,10,12,31.0,424.55198354256936,0.8592654121558879,1.0,0,0.44,0.05,794.2433890462443,0.0,95.59659133531363,456.5110117007185,0.0,1739.573906544136,182.41619753235722,0.0,0.0,1.55
2026-10-15 13:00,10,13,31.0,428.2437399212004,0.7757971959787526,1.0,0,0.44,0.05,717.0913496922554,0.0,14.752795602693766,456.5110117007185,0.0,2172.6582787207503,182.41619753235722,0.0,0.0,1.55
2026-10-15 14:00,10,14,31.0,435.6272526784624,0.6214495259017768,1.0,0,0.44,0.05,574.4234209718933,0.0,0.0,321.2123658257881,0.0,2477.387085306967,182.41619753235722,0.0,0.0,1.55
2026-10-15 15:00,10,15,31.0,443.0107654357245,0.42030879546984484,1.0,0,0.44,0.05,388.5033395238668,0.0,0.0,127.90877162049952,0.0,2598.7320006174923,182.41619753235722,0.0,0.0,1.55
2026-10-15 16:00,10,16,31.0,450.39427819298663,0.20668729305772202,1.0,0,0.44,0.05,191.04692658242072,0.0,0.0,0.0,76.93115407820869,2517.639443979995,182.41619753235722,0.0,0.0,13.64
2026-10-15 17:00,10,17,31.0,468.8530600861418,0.029317153274583327,1.0,0,0.44,0.05,27.098676200141178,0.0,0.0,0.0,259.3381863536434,2244.2729929350917,182.41619753235722,0.0,0.0,13.64
2026-10-15 18:00,10,18,31.0,494.6953547365591,0.0,1.0,0,0.44,0.05,0.0,0.0,0.0,0.0,312.2791572042019,1915.101858747406,182.41619753235722,0.0,0.0,13.64
2026-10-15 19:00,10,19,31.0,513.1541366297142,0.0,1.0,0,0.44,0.05,0.0,0.0,0.0,0.0,330.737939097357,1566.4734600215052,182.41619753235722,0.0,0.0,13.64
2026-10-15 20:00,10,20,31.0,502.0788674938212,0.0,1.0,0,0.44,0.05,0.0,0.0,0.0,0.0,319.66266996146396,1229.5194200185333,182.41619753235722,0.0,0.0,13.64
2026-10-15 21:00,10,21,31.0,454.0860345716177,0.0,1.0,0,0.44,0.05,0.0,0.0,0.0,0.0,271.66983703926047,943.1542678149208,182.41619753235722,0.0,0.0,13.64
2026-10-15 22:00,10,22,31.0,380.2509069989969,0.0,1.0,0,0.44,0.05,0.0,0.0,0.0,0.0,197.8347094666397,734.6181737641687,182.41619753235722,0.0,0.0,13.64
2026-10-15 23:00,10,23,31.0,306.41577942637616,0.0,1.0,0,0.44,0.05,0.0,0.0,0.0,0.0,123.99958189401895,603.9111378662768,182.41619753235722,0.0,0.0,13.64
2026-11-15 00:00,11,0,30.0,222.95313031732542,0.0,1.0,0,0.44,0.05,0.0,0.0,0.0,0.0,40.5369327849682,509.78481930049213,182.41619753235722,0.0,0.0,2.716666666666667
2026-11-15 01:00,11,1,30.0,210.21295144204973,0.0,1.0,0,0.44,0.05,0.0,0.0,0.0,0.0,27.796753909692512,480.4844679958859,182.41619753235722,0.0,0.0,2.716666666666667
2026-11-15 02:00,11,2,30.0,203.8428620044118,0.0,1.0,0,0.44,0.05,0.0,0.0,0.0,0.0,21.426664472054597,457.89878053191865,182.41619753235722,0.0,0.0,2.716666666666667
2026-11-15 03:00,11,3,30.0,200.65781728559293,0.0,1.0,0,0.44,0.05,0.0,0.0,0.0,0.0,18.24161975323571,438.67042498827084,182.41619753235722,0.0,0.0,2.716666666666667
2026-11-15 04:00,11,4,30.0,207.02790672323076,0.0,1.0,0,0.44,0.05,0.0,0.0,0.0,0.0,24.61170919087354,412.7274056039841,182.41619753235722,0.0,0.0,2.716666666666667
2026-11-15 05:00,11,5,30.0,229.32321975496333,0.0,1.0,0,0.44,0.05,0.0,0.0,0.0,0.0,46.907022222606116,363.28306277746105,182.41619753235722,0.0,0.0,2.716666666666667
2026-11-15 06:00,11,6,30.0,267.5437563807905,0.0,1.0,0,0.44,0.05,0.0,0.0,0.0,0.0,85.1275588484333,273.55073690710446,182.41619753235722,0.0,0.0,2.716666666666667
2026-11-15 07:00,11,7,30.0,299.39420356897983,0.1385779555685393,1.0,0,0.44,0.05,128.09153437435066,0.0,11.113528337728042,-0.0,0.0,273.55073690710446,182.41619753235722,0.0,0.0,1.5
2026-11-15 08:00,11,8,30.0,328.0596060383503,0.3463063491605498,1.0,0,0.44,0.05,320.1007797060115,0.0,174.45737120001843,0.0,0.0,273.55073690710446,182.41619753235722,0.0,0.0,1.5
2026-11-15 09:00,11,9,30.0,343.98482963244504,0.5507382908200686,1.0,0,0.44,0.05,509.06302102977077,0.0,200.57698825724418,146.91740067243876,0.0,412.92882111804244,182.41619753235722,0.0,0.0,1.5
2026-11-15 10:00,11,10,30.0,350.3549190700828,0.711043107857139,1.0,0,0.44,0.05,657.2373096288122,0.0,489.29858809108663,0.0,0.0,412.92882111804244,182.41619753235722,0.0,0.0,1.5
2026-11-15 11:00,11,11,30.0,356.7250085077207,0.7986855486829477,1.0,0,0.44,0.05,738.2477032057234,0.0,107.42788052964141,456.5110117007185,0.0,846.0131932946567,182.41619753235722,0.0,0.0,1.5
2026-11-15 12:00,11,12,30.0,366.2801426641775,0.7986855486829475,1.0,0,0.44,0.05,738.2477032057232,0.0,97.87274637318438,456.5110117007185,0.0,1279.097565471271,182.41619753235722,0.0,0.0,1.5
2026-11-15 13:00,11,13,30.0,369.4651873829964,0.7110431078571389,1.0,0,0.44,0.05,657.2373096288121,0.0,13.677308077454427,456.5110117007185,0.0,1712.1819376478854,182.41619753235722,0.0,0.0,1.5
2026-11-15 14:00,11,14,30.0,375.83527682063425,0.5507382908200686,1.0,0,0.44,0.05,509.06302102977077,0.0,0.0,315.64394174149373,0.0,2011.62807330887,182.41619753235722,0.0,0.0,1.5
2026-11-15 15:00,11,15,30.0,382.20536625827214,0.3463063491605495,1.0,0,0.44,0.05,320.1007797060112,0.0,0.0,120.3116109800963,0.0,2125.765689207238,182.41619753235722,0.0,0.0,1.5
2026-11-15 16:00,11,16,30.0,388.57545569591,0.13857795556853914,1.0,0,0.44,0.05,128.09153437435052,0.0,0.0,0.0,78.06772378920226,2043.4750829009747,182.41619753235722,0.0,0.0,2.716666666666667
2026-11-15 17:00,11,17,30.0,404.5006792900047,0.0,1.0,0,0.44,0.05,0.0,0.0,0.0,0.0,222.0844817576475,1809.3774844568811,182.41619753235722,0.0,0.0,2.716666666666667
2026-11-15 18:00,11,18,30.0,426.79599232173734,0.0,1.0,0,0.44,0.05,0.0,0.0,0.0,0.0,244.37979478938013,1551.7785625705512,182.41619753235722,0.0,0.0,2.716666666666667
2026-11-15 19:00,11,19,30.0,442.7212159158319,0.0,1.0,0,0.44,0.05,0.0,0.0,0.0,0.0,260.3050183834747,1277.3929810826241,182.41619753235722,0.0,0.0,2.716666666666667
2026-11-15 20:00,11,20,30.0,433.1660817593751,0.0,1.0,0,0.44,0.05,0.0,0.0,0.0,0.0,250.7498842270179,1013.0793953556554,182.41619753235722,0.0,0.0,2.716666666666667
2026-11-15 21:00,11,21,30.0,391.760500414729,0.0,1.0,0,0.44,0.05,0.0,0.0,0.0,0.0,209.34430288237178,792.4111245928397,182.41619753235722,0.0,0.0,2.716666666666667
2026-11-15 22:00,11,22,30.0,328.0596060383503,0.0,1.0,0,0.44,0.05,0.0,0.0,0.0,0.0,145.64340850599308,638.8894922364133,182.41619753235722,0.0,0.0,2.716666666666667
2026-11-15 23:00,11,23,30.0,264.3587116619716,0.0,1.0,0,0.44,0.05,0.0,0.0,0.0,0.0,81.94251412961438,552.5144982863761,182.41619753235722,0.0,0.0,2.716666666666667
2026-12-15 00:00,12,0,31.0,207.75178052296232,0.0,1.0,0,0.44,0.05,0.0,0.0,0.0,0.0,25.335582990605104,415.0164955496562,182.41619753235722,0.0,0.0,2.8072222222222223
2026-12-15 01:00,12,1,31.0,195.8802502073645,0.0,1.0,0,0.44,0.05,0.0,0.0,0.0,0.0,13.46405267500728,400.8241378864876,182.41619753235722,0.0,0.0,2.8072222222222223
2026-12-15 02:00,12,2,31.0,189.94448504956554,0.0,1.0,0,0.44,0.05,0.0,0.0,0.0,0.0,7.528287517208327,392.8886260748235,182.41619753235722,0.0,0.0,2.8072222222222223
2026-12-15 03:00,12,3,31.0,186.9766024706661,0.0,1.0,0,0.44,0.05,0.0,0.0,0.0,0.0,4.560404938308892,388.08153718891157,182.41619753235722,0.0,0.0,2.8072222222222223
2026-12-15 04:00,12,4,31.0,192.91236762846503,0.0,1.0,0,0.44,0.05,0.0,0.0,0.0,0.0,10.496170096107818,377.0176024514952,182.41619753235722,0.0,0.0,2.8072222222222223
2026-12-15 05:00,12,5,31.0,213.68754568076127,0.0,1.0,0,0.44,0.05,0.0,0.0,0.0,0.0,31.27134814840406,344.0547072338132,182.41619753235722,0.0,0.0,2.8072222222222223
2026-12-15 06:00,12,6,31.0,249.3021366275548,0.0,1.0,0,0.44,0.05,0.0,0.0,0.0,0.0,66.88593909519759,273.55073690710446,182.41619753235722,0.0,0.0,2.8072222222222223
2026-12-15 07:00,12,7,31.0,278.9809624165494,0.10751543959119633,1.0,0,0.44,0.05,99.37956992992108,0.0,2.814805045728889,-0.0,0.0,273.55073690710446,182.41619753235722,0.0,0.0,1.55
2026-12-15 08:00,12,8,31.0,305.69190562664454,0.30502979517032924,1.0,0,0.44,0.05,281.94769025825957,0.0,158.67198216397225,0.0,0.0,273.55073690710446,182.41619753235722,0.0,0.0,1.55
2026-12-15 09:00,12,9,31.0,320.53131852114194,0.504147033191565,1.0,0,0.44,0.05,465.99740028525036,0.0,327.88227929646564,0.0,0.0,273.55073690710446,182.41619753235722,0.0,0.0,1.55
2026-12-15 10:00,12,10,31.0,326.4670836789408,0.6620042476910695,1.0,0,0.44,0.05,611.9093004453147,0.0,146.64743324622623,321.21098105250485,0.0,578.2782297820359,182.41619753235722,0.0,0.0,1.55
2026-12-15 11:00,12,11,31.0,332.40284883673974,0.7487768507352522,1.0,0,0.44,0.05,692.1156782922482,0.0,542.1290269878657,0.0,0.0,578.2782297820359,182.41619753235722,0.0,0.0,1.55
2026-12-15 12:00,12,12,31.0,341.3064965734381,0.7487768507352522,1.0,0,0.44,0.05,692.1156782922482,0.0,76.7143675504488,456.5110117007185,0.0,1011.3626019586501,182.41619753235722,0.0,0.0,1.55
2026-12-15 13:00,12,13,31.0,344.2743791523376,0.6620042476910696,1.0,0,0.44,0.05,611.9093004453148,0.0,0.0,450.0511188253344,0.0,1438.318581657192,182.41619753235722,0.0,0.0,1.55
2026-12-15 14:00,12,14,31.0,350.21014431013646,0.5041470331915655,1.0,0,0.44,0.05,465.9974002852509,0.0,0.0,298.20345350747164,0.0,1721.2192174207132,182.41619753235722,0.0,0.0,1.55
2026-12-15 15:00,12,15,31.0,356.1459094679354,0.3050297951703295,1.0,0,0.44,0.05,281.9476902582598,0.0,0.0,108.21797832268163,0.0,1823.8838060042337,182.41619753235722,0.0,0.0,1.55
2026-12-15 16:00,12,16,31.0,362.08167462573437,0.10751543959119662,1.0,0,0.44,0.05,99.37956992992135,0.0,0.0,0.0,80.28590716345582,1739.2550291211176,182.41619753235722,0.0,0.0,2.8072222222222223
2026-12-15 17:00,12,17,31.0,376.92108752023165,0.0,1.0,0,0.44,0.05,0.0,0.0,0.0,0.0,194.50488998787444,1534.228872987063,182.41619753235722,0.0,0.0,2.8072222222222223
2026-12-15 18:00,12,18,31.0,397.6962655725279,0.0,1.0,0,0.44,0.05,0.0,0.0,0.0,0.0,215.2800680401707,1307.3037563727428,182.41619753235722,0.0,0.0,2.8072222222222223
2026-12-15 19:00,12,19,31.0,412.53567846702515,0.0,1.0,0,0.44,0.05,0.0,0.0,0.0,0.0,230.11948093466793,1064.7365251296615,182.41619753235722,0.0,0.0,2.8072222222222223
2026-12-15 20:00,12,20,31.0,403.6320307303268,0.0,1.0,0,0.44,0.05,0.0,0.0,0.0,0.0,221.21583319796957,831.5545626638368,182.41619753235722,0.0,0.0,2.8072222222222223
2026-12-15 21:00,12,21,31.0,365.0495572046338,0.0,1.0,0,0.44,0.05,0.0,0.0,0.0,0.0,182.63335967227658,639.0420982327912,182.41619753235722,0.0,0.0,2.8072222222222223
2026-12-15 22:00,12,22,31.0,305.69190562664454,0.0,1.0,0,0.44,0.05,0.0,0.0,0.0,0.0,123.27570809428732,509.0980923167902,182.41619753235722,0.0,0.0,2.8072222222222223
2026-12-15 23:00,12,23,31.0,246.3342540486553,0.0,1.0,0,0.44,0.05,0.0,0.0,0.0,0.0,63.918056516298094,441.72254491583374,182.41619753235722,0.0,0.0,2.8072222222222223
2026-08-outage 00:00,8,0,1.0,321.7619039806856,0.0,1.0,1,0.44,0.05,0.0,139.34570644832837,0.0,-0.0,0.0,273.55073690710446,182.41619753235722,0.0,0.0,0.44
2026-08-outage 01:00,8,1,1.0,303.3755094675036,0.0,1.0,1,0.44,0.05,0.0,120.95931193514639,0.0,0.0,0.0,273.55073690710446,182.41619753235722,0.0,0.0,0.44
2026-08-outage 02:00,8,2,1.0,294.1823122109126,0.0,1.0,1,0.44,0.05,0.0,111.76611467855537,0.0,-0.0,0.0,273.55073690710446,182.41619753235722,0.0,0.0,0.44
2026-08-outage 03:00,8,3,1.0,289.5857135826171,0.0,1.0,1,0.44,0.05,0.0,107.16951605025986,0.0,0.0,0.0,273.55073690710446,182.41619753235722,0.0,0.0,0.44
2026-08-outage 04:00,8,4,1.0,298.7789108392081,0.0,1.0,1,0.44,0.05,0.0,116.36271330685088,0.0,-0.0,0.0,273.55073690710446,182.41619753235722,0.0,0.0,0.44
2026-08-outage 05:00,8,5,1.0,330.95510123727666,0.0,1.0,1,0.44,0.05,0.0,148.53890370491945,0.0,0.0,0.0,273.55073690710446,182.41619753235722,0.0,0.0,0.44
2026-08-outage 06:00,8,6,1.0,386.1142847768227,0.12331898624522603,1.0,1,0.44,0.05,113.98723628757708,89.71085095688846,0.0,0.0,0.0,273.55073690710446,182.41619753235722,0.0,0.0,0.44
2026-08-outage 07:00,8,7,1.0,432.0802710597778,0.3020864658051153,1.0,1,0.44,0.05,279.22708745377616,0.0,0.0,29.56301392635561,0.0,301.5966744590728,182.41619753235722,0.0,0.0,0.44
2026-08-outage 08:00,8,8,1.0,473.4496587144374,0.4881695056122578,1.0,1,0.44,0.05,451.22891842429715,0.0,0.0,160.19545724221695,0.0,453.57142916832925,182.41619753235722,0.0,0.0,0.44
2026-08-outage 09:00,8,9,1.0,496.432651855915,0.6534272009041987,1.0,1,0.44,0.05,603.9812928569253,0.0,0.0,289.96483853336747,0.0,728.656228506849,182.41619753235722,0.0,0.0,0.44
2026-08-outage 10:00,8,10,1.0,505.625849112506,0.7762914186630806,1.0,1,0.44,0.05,717.5481737354336,0.0,0.0,394.3385221552848,0.0,1102.7585982534902,182.41619753235722,0.0,0.0,0.44
2026-08-outage 11:00,8,11,1.0,514.819046369097,0.8416441252389728,1.0,1,0.44,0.05,777.9555338128629,0.0,0.0,445.5526849761231,0.0,1525.4469888919002,182.41619753235722,0.0,0.0,0.44
2026-08-outage 12:00,8,12,1.0,528.6088422539835,0.8416441252389728,1.0,1,0.44,0.05,777.9555338128629,0.0,0.0,431.76288909123656,0.0,1935.0532304907927,182.41619753235722,0.0,0.0,0.44
2026-08-outage 13:00,8,13,1.0,533.205440882279,0.7762914186630806,1.0,1,0.44,0.05,717.5481737354336,0.0,0.0,366.75893038551175,0.0,2282.991302158399,182.41619753235722,0.0,0.0,0.44
2026-08-outage 14:00,8,14,1.0,542.39863813887,0.6534272009041987,1.0,1,0.44,0.05,603.9812928569253,0.0,0.0,243.99885225041254,0.0,2514.4689380318605,182.41619753235722,0.0,0.0,0.44
2026-08-outage 15:00,8,15,1.0,551.591835395461,0.4881695056122578,1.0,1,0.44,0.05,451.22891842429715,0.0,0.0,82.05328056119339,0.0,2592.3115148505176,182.41619753235722,0.0,0.0,0.44
2026-08-outage 16:00,8,16,1.0,560.7850326520521,0.3020864658051154,1.0,1,0.44,0.05,279.2270874537763,99.14174766591861,0.0,0.0,0.0,2592.3115148505176,182.41619753235722,0.0,0.0,0.44
2026-08-outage 17:00,8,17,1.0,583.7680257935295,0.12331898624522598,1.0,1,0.44,0.05,113.98723628757703,294.13237820970636,0.0,6.7677862361110535,0.0,2598.7320006174923,182.41619753235722,0.0,0.0,0.44
2026-08-outage 18:00,8,18,1.0,615.9442161915982,0.0,0.0,1,0.44,0.05,0.0,0.0,0.0,0.0,433.528018659241,2141.7533444630994,182.41619753235722,0.0,0.0,119.52644086577247
2026-08-outage 19:00,8,19,1.0,638.9272093330757,0.0,0.0,1,0.44,0.05,0.0,0.0,0.0,0.0,456.5110117007185,1660.5484864890836,182.41619753235722,1e-07,0.0,170.59213689502963
2026-08-outage 20:00,8,20,1.0,625.1374134481892,0.0,0.0,1,0.44,0.05,0.0,0.0,0.0,0.0,442.72121591583203,1193.8793495646778,182.41619753235722,0.0,0.0,119.52644086577247
2026-08-outage 21:00,8,21,1.0,565.3816312803476,0.0,0.0,1,0.44,0.05,0.0,0.0,0.0,0.0,382.9654337479904,790.1983376453566,182.41619753235722,0.0,0.0,119.52644086577247
2026-08-outage 22:00,8,22,1.0,473.4496587144374,0.0,0.0,1,0.44,0.05,0.0,0.0,0.0,0.0,291.0334611820802,483.4221334261654,182.41619753235722,0.0,0.0,119.52644086577247
2026-08-outage 23:00,8,23,1.0,381.5176861485272,0.0,0.0,1,0.44,0.05,0.0,0.0,0.0,0.0,199.10148861617,273.55073690710446,182.41619753235722,0.0,0.0,119.52644086577247
