grid_tariff_multiplier,biogas_yield_multiplier,pv_kw,battery_kwh,biogas_kw,renewable_fraction,lcoe_aed_per_kwh,npv_aed
0.8,0.6,834.451909527816,0.0,0.0,0.41663785198000874,0.2625963732345378,3141594.3629452693
0.8,1.0,834.451909527816,0.0,0.0,0.41663785198000874,0.2625963732345378,3141594.3629452693
0.8,1.4,834.451909527816,0.0,0.0,0.41663785198000874,0.2625963732345378,3141594.3629452693
1.0,0.6,669.5730675121843,-0.0,146.5845053757317,0.6743903877321095,0.292733894273481,5355840.38429949
1.0,1.0,478.4219782346058,-0.0,210.21295144204973,0.7686588012555522,0.2848468057304269,5738223.976764344
1.0,1.4,462.15346858483827,-0.0,218.3027045551415,0.7798575914172255,0.2841209713939152,5772857.321999305
1.2,0.6,793.339569635469,-0.0,155.08456802793648,0.6988266386365996,0.32020993766930633,7553951.357425052
1.2,1.0,520.1485669635088,7.011540211744386,237.56762528119185,0.8147538832915862,0.30185276010256185,8394674.937491385
1.2,1.4,443.1776986604617,9.795130668322079,252.814275,0.829591110063041,0.29966140167395083,8517438.312225353
